{
	"credit": "Made with Blockbench",
	"texture_size": [64, 64],
	"textures": {
		"1": "reje:furniture/chair",
		"particle": "reje:furniture/chair"
	},
	"elements": [
		{
			"from": [0, 10, 14],
			"to": [2, 28, 16],
			"rotation": {"angle": 0, "axis": "y", "origin": [8, 20.4, 14.8]},
			"faces": {
				"north": {"uv": [7, 8.5, 7.5, 12.25], "texture": "#1"},
				"east": {"uv": [6.5, 8.5, 7, 12.25], "texture": "#1"},
				"south": {"uv": [8, 8.5, 8.5, 12.25], "texture": "#1"},
				"west": {"uv": [7.5, 8.5, 8, 12.25], "texture": "#1"},
				"up": {"uv": [7.5, 8.5, 7, 8], "texture": "#1"},
				"down": {"uv": [8, 8, 7.5, 8.5], "texture": "#1"}
			}
		},
		{
			"from": [14, 10, 14],
			"to": [16, 28, 16],
			"shade": false,
			"rotation": {"angle": 0, "axis": "y", "origin": [8, 20.4, 14.8]},
			"faces": {
				"north": {"uv": [7.5, 8.5, 7, 12.25], "texture": "#1"},
				"east": {"uv": [8, 8.5, 7.5, 12.25], "texture": "#1"},
				"south": {"uv": [8.5, 8.5, 8, 12.25], "texture": "#1"},
				"west": {"uv": [7, 8.5, 6.5, 12.25], "texture": "#1"},
				"up": {"uv": [7, 8.5, 7.5, 8], "texture": "#1"},
				"down": {"uv": [7.5, 8, 8, 8.5], "texture": "#1"}
			}
		},
		{
			"from": [2, 26, 14.5],
			"to": [14, 28, 15.5],
			"rotation": {"angle": 0, "axis": "y", "origin": [8, 20.4, 14.8]},
			"faces": {
				"north": {"uv": [3.5, 6.75, 6.5, 7.25], "texture": "#1"},
				"east": {"uv": [3.25, 6.75, 3.5, 7.25], "texture": "#1"},
				"south": {"uv": [6.75, 6.75, 9.75, 7.25], "texture": "#1"},
				"west": {"uv": [6.5, 6.75, 6.75, 7.25], "texture": "#1"},
				"up": {"uv": [6.5, 6.75, 3.5, 6.5], "texture": "#1"},
				"down": {"uv": [9.5, 6.5, 6.5, 6.75], "texture": "#1"}
			}
		},
		{
			"from": [2, 10, 15],
			"to": [14, 26, 15],
			"rotation": {"angle": 0, "axis": "y", "origin": [8, 20.4, 14.8]},
			"faces": {
				"north": {"uv": [3.25, 4.5, 6.25, 6.5], "texture": "#1"},
				"east": {"uv": [3.25, 4.5, 3.25, 6.5], "texture": "#1"},
				"south": {"uv": [6.25, 4.5, 9.25, 6.5], "texture": "#1"},
				"west": {"uv": [6.25, 4.5, 6.25, 6.5], "texture": "#1"},
				"up": {"uv": [6.25, 4.5, 3.25, 4.5], "texture": "#1"},
				"down": {"uv": [9.25, 4.5, 6.25, 4.5], "texture": "#1"}
			}
		},
		{
			"from": [0, 8, 0],
			"to": [16, 10, 16],
			"faces": {
				"north": {"uv": [4, 3.5, 8, 4], "texture": "#1"},
				"east": {"uv": [0, 4, 4, 4.5], "texture": "#1"},
				"south": {"uv": [12, 4, 16, 4.5], "texture": "#1"},
				"west": {"uv": [8, 4, 12, 4.5], "texture": "#1"},
				"up": {"uv": [10.25, 4, 6.25, 0], "texture": "#1"},
				"down": {"uv": [12, 0, 8, 4], "texture": "#1"}
			}
		},
		{
			"from": [0, -4, 14],
			"to": [2, 8, 16],
			"faces": {
				"north": {"uv": [0.5, 0.5, 1, 2.75], "texture": "#1"},
				"east": {"uv": [0, 0.5, 0.5, 2.75], "texture": "#1"},
				"south": {"uv": [1.5, 0.5, 2, 2.75], "texture": "#1"},
				"west": {"uv": [1, 0.5, 1.5, 2.75], "texture": "#1"},
				"up": {"uv": [1, 0.5, 0.5, 0], "texture": "#1"},
				"down": {"uv": [1.5, 0, 1, 0.5], "texture": "#1"}
			}
		},
		{
			"from": [0, -4, 1],
			"to": [2, 8, 3],
			"faces": {
				"north": {"uv": [2.5, 0.5, 3, 2.75], "texture": "#1"},
				"east": {"uv": [2, 0.5, 2.5, 2.75], "texture": "#1"},
				"south": {"uv": [3.5, 0.5, 4, 2.75], "texture": "#1"},
				"west": {"uv": [3, 0.5, 3.5, 2.75], "texture": "#1"},
				"up": {"uv": [3, 0.5, 2.5, 0], "texture": "#1"},
				"down": {"uv": [3.5, 0, 3, 0.5], "texture": "#1"}
			}
		},
		{
			"from": [2, 1, 14.5],
			"to": [14, 4, 15.5],
			"faces": {
				"north": {"uv": [0.25, 8.25, 3.25, 8.75], "texture": "#1"},
				"east": {"uv": [0, 8.25, 0.25, 8.75], "texture": "#1"},
				"south": {"uv": [3.5, 8.25, 6.5, 8.75], "texture": "#1"},
				"west": {"uv": [3.25, 8.25, 3.5, 8.75], "texture": "#1"},
				"up": {"uv": [3.25, 8.25, 0.25, 8], "texture": "#1"},
				"down": {"uv": [6.25, 8, 3.25, 8.25], "texture": "#1"}
			}
		},
		{
			"from": [2, 1, 1.5],
			"to": [14, 4, 2.5],
			"faces": {
				"north": {"uv": [0.25, 8.25, 3.25, 8.75], "texture": "#1"},
				"east": {"uv": [0, 8.25, 0.25, 8.75], "texture": "#1"},
				"south": {"uv": [3.5, 8.25, 6.5, 8.75], "texture": "#1"},
				"west": {"uv": [3.25, 8.25, 3.5, 8.75], "texture": "#1"},
				"up": {"uv": [3.25, 8.25, 0.25, 8], "texture": "#1"},
				"down": {"uv": [6.25, 8, 3.25, 8.25], "texture": "#1"}
			}
		},
		{
			"from": [14, -4, 1],
			"to": [16, 8, 3],
			"shade": false,
			"faces": {
				"north": {"uv": [3, 0.5, 2.5, 2.75], "texture": "#1"},
				"east": {"uv": [3.5, 0.5, 3, 2.75], "texture": "#1"},
				"south": {"uv": [4, 0.5, 3.5, 2.75], "texture": "#1"},
				"west": {"uv": [2.5, 0.5, 2, 2.75], "texture": "#1"},
				"up": {"uv": [2.5, 0.5, 3, 0], "texture": "#1"},
				"down": {"uv": [3, 0, 3.5, 0.5], "texture": "#1"}
			}
		},
		{
			"from": [14, -4, 14],
			"to": [16, 8, 16],
			"shade": false,
			"faces": {
				"north": {"uv": [1, 0.5, 0.5, 2.75], "texture": "#1"},
				"east": {"uv": [1.5, 0.5, 1, 2.75], "texture": "#1"},
				"south": {"uv": [2, 0.5, 1.5, 2.75], "texture": "#1"},
				"west": {"uv": [0.5, 0.5, 0, 2.75], "texture": "#1"},
				"up": {"uv": [0.5, 0.5, 1, 0], "texture": "#1"},
				"down": {"uv": [1, 0, 1.5, 0.5], "texture": "#1"}
			}
		}
	],
	"display": {
		"thirdperson_righthand": {
			"rotation": [75, 45, 0],
			"translation": [0, 2.5, 0],
			"scale": [0.375, 0.375, 0.375]
		},
		"thirdperson_lefthand": {
			"rotation": [75, 45, 0],
			"translation": [0, 2.5, 0],
			"scale": [0.375, 0.375, 0.375]
		},
		"firstperson_righthand": {
			"rotation": [0, 45, 0],
			"scale": [0.4, 0.4, 0.4]
		},
		"firstperson_lefthand": {
			"rotation": [0, 225, 0],
			"scale": [0.4, 0.4, 0.4]
		},
		"ground": {
			"translation": [0, 3, 0],
			"scale": [0.25, 0.25, 0.25]
		},
		"gui": {
			"rotation": [30, 225, 0],
			"translation": [0, -0.5, 0],
			"scale": [0.47, 0.47, 0.47]
		},
		"head": {
			"translation": [0, -23, 0],
			"scale": [1.68, 1.68, 1.68]
		},
		"fixed": {
			"scale": [0.5, 0.5, 0.5]
		}
	},
	"groups": [
		{
			"name": "Top",
			"origin": [8, 20.4, 14.8],
			"color": 0,
			"children": [0, 1, 2, 3]
		},
		{
			"name": "Bottom",
			"origin": [0, 0, 0],
			"color": 0,
			"children": [4, 5, 6, 7, 8, 9, 10]
		}
	]
}