{
	"credit": "Made with Blockbench",
	"texture_size": [32, 32],
	"textures": {
		"0": "reje:furniture/confettimachine",
		"particle": "reje:furniture/confettimachine"
	},
	"elements": [
		{
			"from": [3, 0, 4],
			"to": [13, 1, 12],
			"faces": {
				"north": {"uv": [8, 5, 13, 5.5], "texture": "#0"},
				"east": {"uv": [11, 9, 15, 9.5], "texture": "#0"},
				"south": {"uv": [8, 5.5, 13, 6], "texture": "#0"},
				"west": {"uv": [11, 9.5, 15, 10], "texture": "#0"},
				"up": {"uv": [5, 10, 0, 6], "texture": "#0"},
				"down": {"uv": [10, 6, 5, 10], "texture": "#0"}
			}
		},
		{
			"from": [2, 0, 7],
			"to": [3, 5, 9],
			"faces": {
				"north": {"uv": [10, 11, 10.5, 13.5], "texture": "#0"},
				"east": {"uv": [10, 6, 11, 8.5], "texture": "#0"},
				"south": {"uv": [11, 10, 11.5, 12.5], "texture": "#0"},
				"west": {"uv": [8, 10, 9, 12.5], "texture": "#0"},
				"up": {"uv": [12.5, 13, 12, 12], "texture": "#0"},
				"down": {"uv": [0.5, 12.5, 0, 13.5], "texture": "#0"}
			}
		},
		{
			"from": [13, 0, 7],
			"to": [14, 5, 9],
			"faces": {
				"north": {"uv": [10.5, 11, 11, 13.5], "texture": "#0"},
				"east": {"uv": [10, 8.5, 11, 11], "texture": "#0"},
				"south": {"uv": [11.5, 10, 12, 12.5], "texture": "#0"},
				"west": {"uv": [9, 10, 10, 12.5], "texture": "#0"},
				"up": {"uv": [1, 13.5, 0.5, 12.5], "texture": "#0"},
				"down": {"uv": [1.5, 12.5, 1, 13.5], "texture": "#0"}
			}
		},
		{
			"from": [4, 2, 2],
			"to": [12, 7, 14],
			"faces": {
				"north": {"uv": [0, 10, 4, 12.5], "texture": "#0"},
				"east": {"uv": [8, 0, 14, 2.5], "texture": "#0"},
				"south": {"uv": [4, 10, 8, 12.5], "texture": "#0"},
				"west": {"uv": [8, 2.5, 14, 5], "texture": "#0"},
				"up": {"uv": [4, 6, 0, 0], "texture": "#0"},
				"down": {"uv": [8, 0, 4, 6], "texture": "#0"}
			}
		},
		{
			"from": [8.75, 6.5625, 2.75],
			"to": [11.25, 7.5625, 5.25],
			"faces": {
				"north": {"uv": [12, 10, 13.5, 10.5], "texture": "#0"},
				"east": {"uv": [12, 10.5, 13.5, 11], "texture": "#0"},
				"south": {"uv": [12, 11, 13.5, 11.5], "texture": "#0"},
				"west": {"uv": [12, 11.5, 13.5, 12], "texture": "#0"},
				"up": {"uv": [12.5, 7.5, 11, 6], "texture": "#0"},
				"down": {"uv": [12.5, 7.5, 11, 9], "texture": "#0"}
			}
		},
		{
			"from": [3, 4, 7],
			"to": [4, 5, 9],
			"faces": {
				"north": {"uv": [7, 12.5, 7.5, 13], "texture": "#0"},
				"east": {"uv": [1.5, 12.5, 2.5, 13], "texture": "#0"},
				"south": {"uv": [12.5, 7, 13, 7.5], "texture": "#0"},
				"west": {"uv": [2.5, 12.5, 3.5, 13], "texture": "#0"},
				"up": {"uv": [4, 13.5, 3.5, 12.5], "texture": "#0"},
				"down": {"uv": [4.5, 12.5, 4, 13.5], "texture": "#0"}
			}
		},
		{
			"from": [12, 4, 7],
			"to": [13, 5, 9],
			"faces": {
				"north": {"uv": [7.5, 12.5, 8, 13], "texture": "#0"},
				"east": {"uv": [4.5, 12.5, 5.5, 13], "texture": "#0"},
				"south": {"uv": [12.5, 7.5, 13, 8], "texture": "#0"},
				"west": {"uv": [5.5, 12.5, 6.5, 13], "texture": "#0"},
				"up": {"uv": [13, 7, 12.5, 6], "texture": "#0"},
				"down": {"uv": [7, 12.5, 6.5, 13.5], "texture": "#0"}
			}
		}
	],
	"display": {
		"gui": {
			"translation": [0, 3.75, 0]
		},
		"head": {
			"translation": [0, -34.75, 0]
		},
		"fixed": {
			"rotation": [-90, 0, 0],
			"translation": [0, 0, -12],
			"scale": [1.55, 1.55, 1.55]
		}
	}
}