{
	"credit": "Made with Blockbench",
	"texture_size": [64, 64],
	"textures": {
		"0": "reje:furniture/redchair",
		"particle": "reje:furniture/redchair"
	},
	"elements": [
		{
			"from": [14, -4, 1],
			"to": [16, 8, 3],
			"shade": false,
			"faces": {
				"north": {"uv": [0, 7.5, 0.5, 10.5], "texture": "#0"},
				"east": {"uv": [0.5, 7.5, 1, 10.5], "texture": "#0"},
				"south": {"uv": [1, 7.5, 1.5, 10.5], "texture": "#0"},
				"west": {"uv": [1.5, 7.5, 2, 10.5], "texture": "#0"},
				"up": {"uv": [2.5, 11, 2, 10.5], "texture": "#0"},
				"down": {"uv": [3, 10.5, 2.5, 11], "texture": "#0"}
			}
		},
		{
			"from": [14, -4, 14],
			"to": [16, 8, 16],
			"shade": false,
			"faces": {
				"north": {"uv": [2, 7.5, 2.5, 10.5], "texture": "#0"},
				"east": {"uv": [7.5, 2, 8, 5], "texture": "#0"},
				"south": {"uv": [2.5, 7.5, 3, 10.5], "texture": "#0"},
				"west": {"uv": [3, 7.5, 3.5, 10.5], "texture": "#0"},
				"up": {"uv": [11, 3, 10.5, 2.5], "texture": "#0"},
				"down": {"uv": [3.5, 10.5, 3, 11], "texture": "#0"}
			}
		},
		{
			"from": [0, -4, 14],
			"to": [2, 8, 16],
			"shade": false,
			"faces": {
				"north": {"uv": [3.5, 7.5, 4, 10.5], "texture": "#0"},
				"east": {"uv": [7.5, 5, 8, 8], "texture": "#0"},
				"south": {"uv": [8, 2, 8.5, 5], "texture": "#0"},
				"west": {"uv": [8, 5, 8.5, 8], "texture": "#0"},
				"up": {"uv": [11, 3.5, 10.5, 3], "texture": "#0"},
				"down": {"uv": [4, 10.5, 3.5, 11], "texture": "#0"}
			}
		},
		{
			"from": [0, -4, 1],
			"to": [2, 8, 3],
			"shade": false,
			"faces": {
				"north": {"uv": [7.5, 8, 8, 11], "texture": "#0"},
				"east": {"uv": [8, 8, 8.5, 11], "texture": "#0"},
				"south": {"uv": [8.5, 2, 9, 5], "texture": "#0"},
				"west": {"uv": [8.5, 5, 9, 8], "texture": "#0"},
				"up": {"uv": [11, 4, 10.5, 3.5], "texture": "#0"},
				"down": {"uv": [4.5, 10.5, 4, 11], "texture": "#0"}
			}
		},
		{
			"from": [0, 8, 1],
			"to": [16, 10, 16],
			"faces": {
				"north": {"uv": [7, 0, 11, 0.5], "texture": "#0"},
				"east": {"uv": [7, 1, 10.75, 1.5], "texture": "#0"},
				"south": {"uv": [7, 0.5, 11, 1], "texture": "#0"},
				"west": {"uv": [7, 1.5, 10.75, 2], "texture": "#0"},
				"up": {"uv": [4, 3.75, 0, 0], "texture": "#0"},
				"down": {"uv": [4, 3.75, 0, 7.5], "texture": "#0"}
			}
		},
		{
			"from": [14, 10, 14],
			"to": [16, 24, 16],
			"faces": {
				"north": {"uv": [7, 2, 7.5, 5.5], "texture": "#0"},
				"east": {"uv": [4, 7, 4.5, 10.5], "texture": "#0"},
				"south": {"uv": [4.5, 7, 5, 10.5], "texture": "#0"},
				"west": {"uv": [5, 7, 5.5, 10.5], "texture": "#0"},
				"up": {"uv": [11, 4.5, 10.5, 4], "texture": "#0"},
				"down": {"uv": [5, 10.5, 4.5, 11], "texture": "#0"}
			}
		},
		{
			"from": [12, 24, 14],
			"to": [14, 26, 16],
			"faces": {
				"north": {"uv": [10.5, 10.5, 11, 11], "texture": "#0"},
				"east": {"uv": [1, 10.75, 1.5, 11.25], "texture": "#0"},
				"south": {"uv": [10.75, 1, 11.25, 1.5], "texture": "#0"},
				"west": {"uv": [1.5, 10.75, 2, 11.25], "texture": "#0"},
				"up": {"uv": [11.25, 2, 10.75, 1.5], "texture": "#0"},
				"down": {"uv": [9.5, 10.75, 9, 11.25], "texture": "#0"}
			}
		},
		{
			"from": [2, 24, 14],
			"to": [4, 26, 16],
			"faces": {
				"north": {"uv": [3, 11, 3.5, 11.5], "texture": "#0"},
				"east": {"uv": [11, 3, 11.5, 3.5], "texture": "#0"},
				"south": {"uv": [3.5, 11, 4, 11.5], "texture": "#0"},
				"west": {"uv": [11, 3.5, 11.5, 4], "texture": "#0"},
				"up": {"uv": [4.5, 11.5, 4, 11], "texture": "#0"},
				"down": {"uv": [11.5, 4, 11, 4.5], "texture": "#0"}
			}
		},
		{
			"from": [10, 26, 14],
			"to": [12, 28, 16],
			"faces": {
				"north": {"uv": [11, 0, 11.5, 0.5], "texture": "#0"},
				"east": {"uv": [0.5, 11, 1, 11.5], "texture": "#0"},
				"south": {"uv": [11, 0.5, 11.5, 1], "texture": "#0"},
				"west": {"uv": [2, 11, 2.5, 11.5], "texture": "#0"},
				"up": {"uv": [3, 11.5, 2.5, 11], "texture": "#0"},
				"down": {"uv": [11.5, 2.5, 11, 3], "texture": "#0"}
			}
		},
		{
			"from": [4, 26, 14],
			"to": [6, 28, 16],
			"faces": {
				"north": {"uv": [4.5, 11, 5, 11.5], "texture": "#0"},
				"east": {"uv": [11, 4.5, 11.5, 5], "texture": "#0"},
				"south": {"uv": [5, 11, 5.5, 11.5], "texture": "#0"},
				"west": {"uv": [11, 5, 11.5, 5.5], "texture": "#0"},
				"up": {"uv": [6, 11.5, 5.5, 11], "texture": "#0"},
				"down": {"uv": [11.5, 5.5, 11, 6], "texture": "#0"}
			}
		},
		{
			"from": [6, 27, 14],
			"to": [10, 29, 16],
			"faces": {
				"north": {"uv": [9.5, 6.25, 10.5, 6.75], "texture": "#0"},
				"east": {"uv": [9.5, 10.75, 10, 11.25], "texture": "#0"},
				"south": {"uv": [10, 9.5, 11, 10], "texture": "#0"},
				"west": {"uv": [0, 11, 0.5, 11.5], "texture": "#0"},
				"up": {"uv": [11, 10.5, 10, 10], "texture": "#0"},
				"down": {"uv": [1, 10.5, 0, 11], "texture": "#0"}
			}
		},
		{
			"from": [0, 10, 14],
			"to": [2, 24, 16],
			"faces": {
				"north": {"uv": [5.5, 7, 6, 10.5], "texture": "#0"},
				"east": {"uv": [7, 5.5, 7.5, 9], "texture": "#0"},
				"south": {"uv": [6, 7, 6.5, 10.5], "texture": "#0"},
				"west": {"uv": [6.5, 7, 7, 10.5], "texture": "#0"},
				"up": {"uv": [11, 7, 10.5, 6.5], "texture": "#0"},
				"down": {"uv": [10.5, 10.5, 10, 11], "texture": "#0"}
			}
		},
		{
			"from": [2, 10, 15],
			"to": [14, 24, 15],
			"faces": {
				"north": {"uv": [4, 0, 7, 3.5], "texture": "#0"},
				"east": {"uv": [0, 0, 0, 3.5], "texture": "#0"},
				"south": {"uv": [4, 3.5, 7, 7], "texture": "#0"},
				"west": {"uv": [0, 0, 0, 3.5], "texture": "#0"},
				"up": {"uv": [3, 0, 0, 0], "texture": "#0"},
				"down": {"uv": [3, 0, 0, 0], "texture": "#0"}
			}
		},
		{
			"from": [4, 24, 15],
			"to": [12, 26, 15],
			"faces": {
				"north": {"uv": [9, 9, 11, 9.5], "texture": "#0"},
				"east": {"uv": [0, 0, 0, 0.5], "texture": "#0"},
				"south": {"uv": [9.5, 2, 11.5, 2.5], "texture": "#0"},
				"west": {"uv": [0, 0, 0, 0.5], "texture": "#0"},
				"up": {"uv": [2, 0, 0, 0], "texture": "#0"},
				"down": {"uv": [2, 0, 0, 0], "texture": "#0"}
			}
		},
		{
			"from": [6, 26, 15],
			"to": [10, 27, 15],
			"faces": {
				"north": {"uv": [9.5, 6.75, 10.5, 7], "texture": "#0"},
				"east": {"uv": [0, 0, 0, 0.25], "texture": "#0"},
				"south": {"uv": [1, 10.5, 2, 10.75], "texture": "#0"},
				"west": {"uv": [0, 0, 0, 0.25], "texture": "#0"},
				"up": {"uv": [1, 0, 0, 0], "texture": "#0"},
				"down": {"uv": [1, 0, 0, 0], "texture": "#0"}
			}
		},
		{
			"from": [0, 15, 4],
			"to": [2, 17, 14],
			"faces": {
				"north": {"uv": [10.5, 4.5, 11, 5], "texture": "#0"},
				"east": {"uv": [8.5, 8, 11, 8.5], "texture": "#0"},
				"south": {"uv": [5, 10.5, 5.5, 11], "texture": "#0"},
				"west": {"uv": [8.5, 8.5, 11, 9], "texture": "#0"},
				"up": {"uv": [9.5, 4.5, 9, 2], "texture": "#0"},
				"down": {"uv": [9.5, 4.5, 9, 7], "texture": "#0"}
			}
		},
		{
			"from": [14, 15, 4],
			"to": [16, 17, 14],
			"faces": {
				"north": {"uv": [10.5, 5, 11, 5.5], "texture": "#0"},
				"east": {"uv": [9, 7, 11.5, 7.5], "texture": "#0"},
				"south": {"uv": [5.5, 10.5, 6, 11], "texture": "#0"},
				"west": {"uv": [9, 7.5, 11.5, 8], "texture": "#0"},
				"up": {"uv": [7.5, 11.5, 7, 9], "texture": "#0"},
				"down": {"uv": [9, 9, 8.5, 11.5], "texture": "#0"}
			}
		},
		{
			"from": [0, 10, 2],
			"to": [2, 15, 4],
			"faces": {
				"north": {"uv": [9.5, 2.5, 10, 3.75], "texture": "#0"},
				"east": {"uv": [9.5, 3.75, 10, 5], "texture": "#0"},
				"south": {"uv": [9.5, 5, 10, 6.25], "texture": "#0"},
				"west": {"uv": [9, 9.5, 9.5, 10.75], "texture": "#0"},
				"up": {"uv": [11, 6, 10.5, 5.5], "texture": "#0"},
				"down": {"uv": [6.5, 10.5, 6, 11], "texture": "#0"}
			}
		},
		{
			"from": [14, 10, 2],
			"to": [16, 15, 4],
			"faces": {
				"north": {"uv": [9.5, 9.5, 10, 10.75], "texture": "#0"},
				"east": {"uv": [10, 2.5, 10.5, 3.75], "texture": "#0"},
				"south": {"uv": [10, 3.75, 10.5, 5], "texture": "#0"},
				"west": {"uv": [10, 5, 10.5, 6.25], "texture": "#0"},
				"up": {"uv": [11, 6.5, 10.5, 6], "texture": "#0"},
				"down": {"uv": [7, 10.5, 6.5, 11], "texture": "#0"}
			}
		}
	],
	"display": {
		"thirdperson_righthand": {
			"rotation": [47, 68, -50],
			"translation": [-0.75, 0, -1.25],
			"scale": [0.3, 0.3, 0.3]
		},
		"thirdperson_lefthand": {
			"rotation": [54, 82, -45],
			"scale": [0.26, 0.26, 0.26]
		},
		"firstperson_righthand": {
			"rotation": [0, 113, 0],
			"translation": [0, -2.5, 0],
			"scale": [0.49, 0.49, 0.49]
		},
		"firstperson_lefthand": {
			"rotation": [0, 115, 0],
			"translation": [0, 0, 0.75],
			"scale": [0.38, 0.38, 0.38]
		},
		"ground": {
			"scale": [0.31, 0.31, 0.31]
		},
		"gui": {
			"rotation": [0, -137, 0],
			"translation": [0.5, -2, 0],
			"scale": [0.41, 0.41, 0.41]
		},
		"head": {
			"translation": [0, -25, 0],
			"scale": [1.5, 1.5, 1.5]
		},
		"fixed": {
			"translation": [0, -1.25, -4.5],
			"scale": [0.52, 0.52, 0.52]
		}
	}
}