{
	"credit": "Made with Blockbench",
	"parent": "mico",
	"texture_size": [32, 32],
	"textures": {
		"0": "reje:cosmetics/micro",
		"particle": "reje:cosmetics/micro"
	},
	"elements": [
		{
			"from": [6, 8, 5],
			"to": [10, 12, 6],
			"faces": {
				"north": {"uv": [4, 0, 6, 2], "texture": "#0"},
				"east": {"uv": [8, 2, 8.5, 4], "texture": "#0"},
				"south": {"uv": [4, 2, 6, 4], "texture": "#0"},
				"west": {"uv": [4, 8, 4.5, 10], "texture": "#0"},
				"up": {"uv": [10, 4.5, 8, 4], "texture": "#0"},
				"down": {"uv": [6.5, 8, 4.5, 8.5], "texture": "#0"}
			}
		},
		{
			"from": [6, 8, 10],
			"to": [10, 12, 11],
			"faces": {
				"north": {"uv": [4, 4, 6, 6], "texture": "#0"},
				"east": {"uv": [8, 4.5, 8.5, 6.5], "texture": "#0"},
				"south": {"uv": [0, 5, 2, 7], "texture": "#0"},
				"west": {"uv": [6.5, 8, 7, 10], "texture": "#0"},
				"up": {"uv": [10, 7, 8, 6.5], "texture": "#0"},
				"down": {"uv": [9, 8, 7, 8.5], "texture": "#0"}
			}
		},
		{
			"from": [6, 12, 6],
			"to": [10, 13, 10],
			"faces": {
				"north": {"uv": [8, 7, 10, 7.5], "texture": "#0"},
				"east": {"uv": [8, 7.5, 10, 8], "texture": "#0"},
				"south": {"uv": [8.5, 2, 10.5, 2.5], "texture": "#0"},
				"west": {"uv": [8.5, 2.5, 10.5, 3], "texture": "#0"},
				"up": {"uv": [4, 7, 2, 5], "texture": "#0"},
				"down": {"uv": [8, 0, 6, 2], "texture": "#0"}
			}
		},
		{
			"from": [6, 7, 6],
			"to": [10, 8, 10],
			"faces": {
				"north": {"uv": [8.5, 3, 10.5, 3.5], "texture": "#0"},
				"east": {"uv": [8.5, 3.5, 10.5, 4], "texture": "#0"},
				"south": {"uv": [4.5, 8.5, 6.5, 9], "texture": "#0"},
				"west": {"uv": [8.5, 4.5, 10.5, 5], "texture": "#0"},
				"up": {"uv": [8, 4, 6, 2], "texture": "#0"},
				"down": {"uv": [6, 6, 4, 8], "texture": "#0"}
			}
		},
		{
			"from": [10, 8, 6],
			"to": [11, 12, 10],
			"faces": {
				"north": {"uv": [7, 8.5, 7.5, 10.5], "texture": "#0"},
				"east": {"uv": [6, 4, 8, 6], "texture": "#0"},
				"south": {"uv": [7.5, 8.5, 8, 10.5], "texture": "#0"},
				"west": {"uv": [6, 6, 8, 8], "texture": "#0"},
				"up": {"uv": [8.5, 10.5, 8, 8.5], "texture": "#0"},
				"down": {"uv": [9, 8.5, 8.5, 10.5], "texture": "#0"}
			}
		},
		{
			"from": [5, 8, 6],
			"to": [6, 12, 10],
			"faces": {
				"north": {"uv": [0, 9, 0.5, 11], "texture": "#0"},
				"east": {"uv": [0, 7, 2, 9], "texture": "#0"},
				"south": {"uv": [9, 0, 9.5, 2], "texture": "#0"},
				"west": {"uv": [2, 7, 4, 9], "texture": "#0"},
				"up": {"uv": [1, 11, 0.5, 9], "texture": "#0"},
				"down": {"uv": [1.5, 9, 1, 11], "texture": "#0"}
			}
		},
		{
			"name": "base",
			"from": [7, -2, 7],
			"to": [9, 8, 9],
			"faces": {
				"north": {"uv": [0, 0, 1, 5], "texture": "#0"},
				"east": {"uv": [1, 0, 2, 5], "texture": "#0"},
				"south": {"uv": [2, 0, 3, 5], "texture": "#0"},
				"west": {"uv": [3, 0, 4, 5], "texture": "#0"},
				"up": {"uv": [9, 1, 8, 0], "texture": "#0"},
				"down": {"uv": [9, 1, 8, 2], "texture": "#0"}
			}
		}
	],
	"display": {
		"thirdperson_righthand": {
			"rotation": [49, 12, 26],
			"translation": [-2.75, 2.75, 5],
			"scale": [0.6, 0.6, 0.6]
		},
		"thirdperson_lefthand": {
			"translation": [0, 1.75, 0],
			"scale": [0.51, 0.51, 0.51]
		},
		"firstperson_righthand": {
			"rotation": [-5, -20, 15],
			"translation": [0, 3.5, 0],
			"scale": [0.64, 0.64, 0.64]
		},
		"firstperson_lefthand": {
			"translation": [0, 2.75, 0],
			"scale": [0.64, 0.64, 0.64]
		},
		"ground": {
			"rotation": [81, 0, 0],
			"translation": [0, 0.75, 0]
		},
		"gui": {
			"rotation": [0, 0, 45],
			"translation": [-1.25, 1.75, 0],
			"scale": [1.15, 1.15, 1.15]
		},
		"head": {
			"rotation": [0, 2, 17],
			"translation": [5.75, -13, -10]
		}
	},
	"groups": [
		{
			"name": "group",
			"origin": [0, 0, 0],
			"color": 0,
			"children": [0, 1, 2, 3, 4, 5]
		},
		6
	]
}