{
  "custom.aplausos":{
    "category":"master",
    "sounds":[
      "custom/aplausos"
    ]
  },
  "custom.masaplausos":{
    "category":"master",
    "sounds":[
      "custom/masaplausos"
    ]
  },
  "custom.intro":{
    "category":"master",
    "sounds":[
      "custom/intro"
    ]
  },
  "custom.wrong":{
    "category":"master",
    "sounds":[
      "custom/wrong"
    ]
  },
  "custom.boton":{
    "category":"master",
    "sounds":[
      "custom/boton"
    ]
  },
  "custom.right":{
    "category":"master",
    "sounds":[
      "custom/right"
    ]
  },
  "custom.background":{
    "category":"master",
    "sounds":[
      "custom/background"
    ]
  },
  "custom.round":{
    "category":"master",
    "sounds":[
      "custom/round"
    ]
  }
}
