{
	"parent": "item/generated",
	"textures": {
		"layer0": "item/feather"
	},
	"overrides": [
		{ "predicate": {  "custom_model_data": 2 }, "model": "item/custom/cosmetics/mic"},
		{ "predicate": {  "custom_model_data": 3 }, "model": "item/custom/furniture/camera"},
		{ "predicate": {  "custom_model_data": 4 }, "model": "item/custom/furniture/chair"},
		{ "predicate": {  "custom_model_data": 5 }, "model": "item/custom/imag/logolarge"},
		{ "predicate": {  "custom_model_data": 6 }, "model": "item/custom/furniture/redchair"},
		{ "predicate": {  "custom_model_data": 7 }, "model": "item/custom/furniture/mainscreen"},
		{ "predicate": {  "custom_model_data": 8 }, "model": "item/custom/furniture/firstscreen"},
		{ "predicate": {  "custom_model_data": 9 }, "model": "item/custom/furniture/secondscreen"},
		{ "predicate": {  "custom_model_data": 10 }, "model": "item/custom/furniture/confettidropper"},
		{ "predicate": {  "custom_model_data": 11 }, "model": "item/custom/imag/mtyicon"}
	]
}