{
	"credit": "Made with Blockbench",
	"parent": "cam",
	"texture_size": [64, 64],
	"textures": {
		"2": "custom/furniture/cam",
		"particle": "custom/furniture/cam"
	},
	"elements": [
		{
			"from": [8, -15, 3],
			"to": [9, 10, 4],
			"rotation": {"angle": 22.5, "axis": "x", "origin": [8, 0, 7]},
			"faces": {
				"north": {"uv": [2.5, 2.5, 2.75, 8.75], "texture": "#2"},
				"east": {"uv": [2.75, 0, 3, 6.25], "texture": "#2"},
				"south": {"uv": [3, 0, 3.25, 6.25], "texture": "#2"},
				"west": {"uv": [3.25, 0, 3.5, 6.25], "texture": "#2"},
				"up": {"uv": [6.75, 5, 6.5, 4.75], "texture": "#2"},
				"down": {"uv": [6.75, 5, 6.5, 5.25], "texture": "#2"}
			}
		},
		{
			"from": [8, -15, 11],
			"to": [9, 9, 12],
			"rotation": {"angle": -22.5, "axis": "x", "origin": [8, 0, 7]},
			"faces": {
				"north": {"uv": [4.5, 2.5, 4.75, 8.5], "texture": "#2"},
				"east": {"uv": [4.75, 2.5, 5, 8.5], "texture": "#2"},
				"south": {"uv": [5, 2.5, 5.25, 8.5], "texture": "#2"},
				"west": {"uv": [0, 5.25, 0.25, 11.25], "texture": "#2"},
				"up": {"uv": [6.75, 4.5, 6.5, 4.25], "texture": "#2"},
				"down": {"uv": [6.75, 4.5, 6.5, 4.75], "texture": "#2"}
			}
		},
		{
			"from": [12, -15, 7],
			"to": [13, 9, 8],
			"rotation": {"angle": 22.5, "axis": "z", "origin": [8, 0, 7]},
			"faces": {
				"north": {"uv": [0.25, 5.25, 0.5, 11.25], "texture": "#2"},
				"east": {"uv": [0.5, 5.25, 0.75, 11.25], "texture": "#2"},
				"south": {"uv": [0.75, 5.25, 1, 11.25], "texture": "#2"},
				"west": {"uv": [1, 5.25, 1.25, 11.25], "texture": "#2"},
				"up": {"uv": [5.5, 6.75, 5.25, 6.5], "texture": "#2"},
				"down": {"uv": [6.75, 5.25, 6.5, 5.5], "texture": "#2"}
			}
		},
		{
			"from": [4, -15, 7],
			"to": [5, 10, 8],
			"rotation": {"angle": -22.5, "axis": "z", "origin": [8, 0, 7]},
			"faces": {
				"north": {"uv": [3.5, 0, 3.75, 6.25], "texture": "#2"},
				"east": {"uv": [3.75, 0, 4, 6.25], "texture": "#2"},
				"south": {"uv": [4, 0, 4.25, 6.25], "texture": "#2"},
				"west": {"uv": [4.25, 0, 4.5, 6.25], "texture": "#2"},
				"up": {"uv": [5.75, 6.75, 5.5, 6.5], "texture": "#2"},
				"down": {"uv": [6.75, 5.5, 6.5, 5.75], "texture": "#2"}
			}
		},
		{
			"from": [7, 10, 6],
			"to": [10, 11, 9],
			"faces": {
				"north": {"uv": [2.75, 6.25, 3.5, 6.5], "texture": "#2"},
				"east": {"uv": [3.5, 6.25, 4.25, 6.5], "texture": "#2"},
				"south": {"uv": [6, 6.25, 6.75, 6.5], "texture": "#2"},
				"west": {"uv": [6.5, 0.5, 7.25, 0.75], "texture": "#2"},
				"up": {"uv": [6.5, 1.25, 5.75, 0.5], "texture": "#2"},
				"down": {"uv": [6.5, 1.25, 5.75, 2], "texture": "#2"}
			}
		},
		{
			"from": [6, 11, 1],
			"to": [11, 16, 12],
			"faces": {
				"north": {"uv": [4.5, 0, 5.75, 1.25], "texture": "#2"},
				"east": {"uv": [0, 0, 2.75, 1.25], "texture": "#2"},
				"south": {"uv": [4.5, 1.25, 5.75, 2.5], "texture": "#2"},
				"west": {"uv": [0, 1.25, 2.75, 2.5], "texture": "#2"},
				"up": {"uv": [1.25, 5.25, 0, 2.5], "texture": "#2"},
				"down": {"uv": [2.5, 2.5, 1.25, 5.25], "texture": "#2"}
			}
		},
		{
			"from": [8, 16, 6],
			"to": [9, 17, 8],
			"faces": {
				"north": {"uv": [5.75, 6.5, 6, 6.75], "texture": "#2"},
				"east": {"uv": [3.25, 6.5, 3.75, 6.75], "texture": "#2"},
				"south": {"uv": [6, 6.5, 6.25, 6.75], "texture": "#2"},
				"west": {"uv": [3.75, 6.5, 4.25, 6.75], "texture": "#2"},
				"up": {"uv": [6, 2.5, 5.75, 2], "texture": "#2"},
				"down": {"uv": [6.75, 3.75, 6.5, 4.25], "texture": "#2"}
			}
		},
		{
			"from": [7, 17, 3],
			"to": [10, 19, 8],
			"faces": {
				"north": {"uv": [6, 2.75, 6.75, 3.25], "texture": "#2"},
				"east": {"uv": [5.25, 4.75, 6.5, 5.25], "texture": "#2"},
				"south": {"uv": [6, 3.25, 6.75, 3.75], "texture": "#2"},
				"west": {"uv": [5.25, 5.25, 6.5, 5.75], "texture": "#2"},
				"up": {"uv": [2, 6.5, 1.25, 5.25], "texture": "#2"},
				"down": {"uv": [6, 2.5, 5.25, 3.75], "texture": "#2"}
			}
		},
		{
			"from": [9, 10, 8],
			"to": [10, 11, 18],
			"rotation": {"angle": 22.5, "axis": "y", "origin": [8, 10, 12]},
			"faces": {
				"north": {"uv": [6.25, 6.5, 6.5, 6.75], "texture": "#2"},
				"east": {"uv": [5.75, 0, 8.25, 0.25], "texture": "#2"},
				"south": {"uv": [6.5, 6.5, 6.75, 6.75], "texture": "#2"},
				"west": {"uv": [5.75, 0.25, 8.25, 0.5], "texture": "#2"},
				"up": {"uv": [2.25, 7.75, 2, 5.25], "texture": "#2"},
				"down": {"uv": [2.5, 5.25, 2.25, 7.75], "texture": "#2"}
			}
		},
		{
			"from": [7, 12, 0],
			"to": [10, 15, 1],
			"faces": {
				"north": {"uv": [5.25, 5.75, 6, 6.5], "texture": "#2"},
				"east": {"uv": [4.25, 6.25, 4.5, 7], "texture": "#2"},
				"south": {"uv": [6, 2, 6.75, 2.75], "texture": "#2"},
				"west": {"uv": [6.5, 0.75, 6.75, 1.5], "texture": "#2"},
				"up": {"uv": [2, 6.75, 1.25, 6.5], "texture": "#2"},
				"down": {"uv": [7.25, 1.5, 6.5, 1.75], "texture": "#2"}
			}
		},
		{
			"from": [6, 16, 11],
			"to": [11, 17, 13],
			"faces": {
				"north": {"uv": [6, 5.75, 7.25, 6], "texture": "#2"},
				"east": {"uv": [6.5, 1.75, 7, 2], "texture": "#2"},
				"south": {"uv": [6, 6, 7.25, 6.25], "texture": "#2"},
				"west": {"uv": [2.75, 6.5, 3.25, 6.75], "texture": "#2"},
				"up": {"uv": [6.5, 4.25, 5.25, 3.75], "texture": "#2"},
				"down": {"uv": [6.5, 4.25, 5.25, 4.75], "texture": "#2"}
			}
		}
	],
	"display": {
		"thirdperson_righthand": {
			"rotation": [66, 0, 0],
			"translation": [0.75, 0, 9]
		},
		"gui": {
			"rotation": [0, 91, 0],
			"translation": [0, 2.25, 0],
			"scale": [0.43, 0.43, 0.43]
		},
		"head": {
			"scale": [2.07, 2.07, 2.07]
		}
	},
	"groups": [
		{
			"name": "group",
			"origin": [8, 0, 7],
			"color": 0,
			"children": [0, 1]
		},
		{
			"name": "group",
			"origin": [8, 0, 7],
			"color": 0,
			"children": [2, 3]
		},
		4,
		5,
		6,
		7,
		8,
		9,
		10
	]
}