{
	"credit": "Made with Blockbench",
	"texture_size": [64, 64],
	"textures": {
		"1": "reje:leds/screenledfirst",
		"2": "reje:leds/bodyfirstscreen",
		"particle": "reje:img/firstscreen"
	},
	"elements": [
		{
			"from": [0, 0, 0],
			"to": [16, 25, 1],
			"faces": {
				"north": {"uv": [0, 0, 4, 6.25], "texture": "#1"},
				"east": {"uv": [0, 6.25, 0.25, 12.5], "texture": "#1"},
				"south": {"uv": [4, 0, 8, 6.25], "texture": "#1"},
				"west": {"uv": [0.25, 6.25, 0.5, 12.5], "texture": "#1"},
				"up": {"uv": [4.5, 6.5, 0.5, 6.25], "texture": "#1"},
				"down": {"uv": [8.5, 6.25, 4.5, 6.5], "texture": "#1"}
			}
		},
		{
			"from": [0, 0, 1],
			"to": [16, 25, 3],
			"faces": {
				"north": {"uv": [0, 0, 4, 6.25], "texture": "#2"},
				"east": {"uv": [7, 6.25, 7.5, 12.5], "texture": "#2"},
				"south": {"uv": [4, 0, 8, 6.25], "texture": "#2"},
				"west": {"uv": [7.5, 6.25, 8, 12.5], "texture": "#2"},
				"up": {"uv": [12, 0.5, 8, 0], "texture": "#2"},
				"down": {"uv": [12, 0.5, 8, 1], "texture": "#2"}
			}
		},
		{
			"from": [1, 1, 3],
			"to": [15, 24, 4],
			"faces": {
				"north": {"uv": [0, 6.25, 3.5, 12], "texture": "#2"},
				"east": {"uv": [8, 1, 8.25, 6.75], "texture": "#2"},
				"south": {"uv": [3.5, 6.25, 7, 12], "texture": "#2"},
				"west": {"uv": [8, 6.75, 8.25, 12.5], "texture": "#2"},
				"up": {"uv": [11.75, 1.25, 8.25, 1], "texture": "#2"},
				"down": {"uv": [11.75, 1.25, 8.25, 1.5], "texture": "#2"}
			}
		}
	],
	"display": {
		"thirdperson_righthand": {
			"translation": [0, 9, 0]
		},
		"head": {
			"translation": [0, -9, 12.75],
			"scale": [4, 4, 4]
		}
	}
}