{
	"credit": "Made with Blockbench",
	"texture_size": [128, 128],
	"textures": {
		"1": "reje:leds/screenledmain",
		"2": "reje:leds/bodymaincreen",
		"particle": "reje:img/mainscreen"
	},
	"elements": [
		{
			"from": [-16, 0, 0],
			"to": [32, 25, 1],
			"faces": {
				"north": {"uv": [0, 0, 6, 3.125], "texture": "#1"},
				"east": {"uv": [6, 0.75, 6.375, 3.875], "texture": "#1"},
				"south": {"uv": [0, 3.125, 6, 6.25], "texture": "#1"},
				"west": {"uv": [6, 3.875, 6.375, 7], "texture": "#1"},
				"up": {"uv": [12, 0.375, 6, 0], "texture": "#1"},
				"down": {"uv": [12, 0.375, 6, 0.75], "texture": "#1"}
			}
		},
		{
			"from": [-15, 1, 3],
			"to": [31, 24, 4],
			"faces": {
				"north": {"uv": [6, 0, 11.75, 2.875], "texture": "#2"},
				"east": {"uv": [0.5, 6.375, 0.625, 9.25], "texture": "#2"},
				"south": {"uv": [6, 2.875, 11.75, 5.75], "texture": "#2"},
				"west": {"uv": [0.625, 6.375, 0.75, 9.25], "texture": "#2"},
				"up": {"uv": [6.25, 6.375, 0.5, 6.25], "texture": "#2"},
				"down": {"uv": [12, 6.25, 6.25, 6.375], "texture": "#2"}
			}
		},
		{
			"from": [-16, 0, 1],
			"to": [32, 25, 3],
			"faces": {
				"north": {"uv": [0, 0, 6, 3.125], "texture": "#2"},
				"east": {"uv": [0, 6.25, 0.25, 9.375], "texture": "#2"},
				"south": {"uv": [0, 3.125, 6, 6.25], "texture": "#2"},
				"west": {"uv": [0.25, 6.25, 0.5, 9.375], "texture": "#2"},
				"up": {"uv": [12, 6, 6, 5.75], "texture": "#2"},
				"down": {"uv": [12, 6, 6, 6.25], "texture": "#2"}
			}
		}
	],
	"display": {
		"firstperson_righthand": {
			"scale": [0.36, 0.36, 0.36]
		},
		"firstperson_lefthand": {
			"scale": [0.35, 0.35, 0.35]
		},
		"ground": {
			"rotation": [-23, 0, 0],
			"translation": [0, 2.25, 0],
			"scale": [0.34, 0.34, 0.34]
		},
		"gui": {
			"rotation": [0, 60, 0],
			"translation": [2.5, -1.75, 0],
			"scale": [0.48, 0.48, 0.48]
		},
		"head": {
			"translation": [0, -9, 12.75],
			"scale": [4, 4, 4]
		},
		"fixed": {
			"rotation": [-14, 0, 0],
			"translation": [0, -4, 11.75],
			"scale": [4, 4, 4]
		}
	}
}