{
	"credit": "Made with Blockbench",
	"parent": "imagen",
	"texture_size": [512, 284],
	"textures": {
		"1": "reje:img/logo",
		"particle": "reje:img/logo"
	},
	"elements": [
		{
			"from": [-16, 0, -16],
			"to": [32, 1, 32],
			"faces": {
				"north": {"uv": [11.59375, 15.75, 16, 16], "texture": "#1"},
				"east": {"uv": [11.90625, 16, 16, 15.57394], "texture": "#1"},
				"south": {"uv": [12.1875, 15.52465, 16, 16], "texture": "#1"},
				"west": {"uv": [12.5625, 15.63732, 16, 16], "texture": "#1"},
				"up": {"uv": [16, 16, 0, 0], "rotation": 180, "texture": "#1"},
				"down": {"uv": [1.875, 0, 0, 2.95775], "rotation": 180, "texture": "#1"}
			}
		}
	],
	"display": {
		"thirdperson_righthand": {
			"rotation": [145, 0, 71],
			"translation": [0, -1, 0.75],
			"scale": [0.12, 0.12, 0.12]
		},
		"thirdperson_lefthand": {
			"rotation": [0, -180, -59],
			"translation": [-0.75, 3.75, 0],
			"scale": [0.26, 0.26, 0.26]
		},
		"firstperson_righthand": {
			"rotation": [93, -1, 0],
			"translation": [13, -0.5, 0],
			"scale": [0.6, 0.6, 0.6]
		},
		"firstperson_lefthand": {
			"rotation": [89, 0, 0],
			"scale": [0.19, 0.19, 0.19]
		},
		"ground": {
			"translation": [5, 5, 0],
			"scale": [0.27, 0.27, 0.27]
		},
		"gui": {
			"rotation": [90, -1, 0],
			"translation": [6, -1.25, 0],
			"scale": [0.75, 0.75, 0.75]
		},
		"head": {
			"rotation": [90, -1, -180],
			"translation": [-7.75, 13, -14]
		},
		"fixed": {
			"rotation": [90, 0, -180],
			"translation": [-1.5, 4.25, -33],
			"scale": [4, 4, 4]
		}
	},
	"groups": [
		{
			"name": "Part 1",
			"origin": [0, 0, 0],
			"color": 0,
			"children": [0]
		}
	]
}