{
	"credit": "Made with Blockbench",
	"texture_size": [32, 32],
	"textures": {
		"0": "conquest:block/9_organic/2_leaves/beech_tree_leaves_1",
		"particle": "conquest:block/9_organic/2_leaves/beech_tree_leaves_1"
	},
	"elements": [
		{
			"from": [-13.8, -8.5, 8.5],
			"to": [27.8, 23.5, 8.5],
			"rotation": {"angle": 45, "axis": "y", "origin": [7, 7.5, 8.5]},
			"faces": {
				"north": {"uv": [0, 0, 16, 16], "texture": "#0", "cullface": "up", "tintindex": 0},
				"south": {"uv": [0, 0, 16, 16], "texture": "#0", "cullface": "up", "tintindex": 0}
			}
		},
		{
			"from": [-13.8, -8.5, 8.5],
			"to": [27.8, 23.5, 8.5],
			"rotation": {"angle": -45, "axis": "y", "origin": [7, 7.5, 8.5]},
			"faces": {
				"north": {"uv": [0, 0, 16, 16], "texture": "#0", "cullface": "up", "tintindex": 0},
				"south": {"uv": [0, 0, 16, 16], "texture": "#0", "cullface": "up", "tintindex": 0}
			}
		},
		{
			"from": [-1.5769, 7.22487, -4.8269],
			"to": [18.4231, 7.22487, 17.6731],
			"rotation": {"angle": -45, "axis": "x", "origin": [8.4231, 7.125, 6.5]},
			"faces": {
				"up": {"uv": [3.625, 2.625, 13.625, 13.875], "rotation": 180, "texture": "#0", "tintindex": 0},
				"down": {"uv": [3.625, 2.625, 13.625, 13.875], "texture": "#0", "tintindex": 0}
			}
		},
		{
			"from": [-1.5769, 7.2019, -4.65013],
			"to": [18.4231, 7.2019, 17.84987],
			"rotation": {"angle": 45, "axis": "x", "origin": [8.4231, 7.125, 6.5]},
			"faces": {
				"up": {"uv": [2.375, 2.625, 12.375, 13.875], "rotation": 180, "texture": "#0", "tintindex": 0},
				"down": {"uv": [2.375, 2.625, 12.375, 13.875], "texture": "#0", "tintindex": 0}
			}
		},
		{
			"from": [-6, 6.5, -3.5],
			"to": [16.5, 6.5, 16.5],
			"rotation": {"angle": 45, "axis": "z", "origin": [6, 10.5, -1.5]},
			"faces": {
				"up": {"uv": [3.625, 2.625, 13.625, 13.875], "rotation": 90, "texture": "#0", "tintindex": 0},
				"down": {"uv": [3.625, 2.625, 13.625, 13.875], "rotation": 90, "texture": "#0", "tintindex": 0}
			}
		},
		{
			"from": [-5.75, 7.75, -3.5],
			"to": [16.75, 7.75, 16.5],
			"rotation": {"angle": -45, "axis": "z", "origin": [6.25, 3.75, -1.5]},
			"faces": {
				"up": {"uv": [2.375, 2.625, 12.375, 13.875], "rotation": 90, "texture": "#0", "tintindex": 0},
				"down": {"uv": [2.375, 2.625, 12.375, 13.875], "rotation": 90, "texture": "#0", "tintindex": 0}
			}
		}
	],
	"display": {
		"thirdperson_righthand": {
			"rotation": [75, 45, 0],
			"translation": [0, 2.5, 0],
			"scale": [0.375, 0.375, 0.375]
		},
		"thirdperson_lefthand": {
			"rotation": [75, 45, 0],
			"translation": [0, 2.5, 0],
			"scale": [0.375, 0.375, 0.375]
		},
		"firstperson_righthand": {
			"rotation": [0, 45, 0],
			"scale": [0.4, 0.4, 0.4]
		},
		"firstperson_lefthand": {
			"rotation": [0, 225, 0],
			"scale": [0.4, 0.4, 0.4]
		},
		"ground": {
			"translation": [0, 3, 0],
			"scale": [0.25, 0.25, 0.25]
		},
		"gui": {
			"rotation": [30, -15, 0],
			"translation": [-0.25, -0.5, 0],
			"scale": [0.42, 0.42, 0.42]
		},
		"fixed": {
			"scale": [0.5, 0.5, 0.5]
		}
	},
	"groups": [
		0,
		1,
		{
			"name": "group",
			"origin": [8, 8, 8],
			"color": 0,
			"children": [2, 3, 4, 5]
		}
	]
}