{
	"credit": "Made with Blockbench",
	"texture_size": [32, 32],
	"textures": {
		"0": "conquest:block/9_organic/2_leaves/bright_autumnal_beech_tree_leaves_1",
		"particle": "conquest:block/9_organic/2_leaves/bright_autumnal_beech_tree_leaves_1"
	},
	"elements": [
		{
			"from": [-12.8, -8, 8],
			"to": [28.8, 24, 8],
			"rotation": {"angle": 45, "axis": "y", "origin": [8, 8, 8]},
			"faces": {
				"north": {"uv": [0, 0, 16, 16], "texture": "#0", "cullface": "up"},
				"south": {"uv": [0, 0, 16, 16], "texture": "#0", "cullface": "up"}
			}
		},
		{
			"from": [-12.8, -8, 8],
			"to": [28.8, 24, 8],
			"rotation": {"angle": -45, "axis": "y", "origin": [8, 8, 8]},
			"faces": {
				"north": {"uv": [0, 0, 16, 16], "texture": "#0", "cullface": "up"},
				"south": {"uv": [0, 0, 16, 16], "texture": "#0", "cullface": "up"}
			}
		},
		{
			"from": [-2.0769, 8.22487, -3.3269],
			"to": [17.9231, 8.22487, 19.1731],
			"rotation": {"angle": -45, "axis": "x", "origin": [7.9231, 8.125, 8]},
			"faces": {
				"up": {"uv": [3.625, 2.625, 13.625, 13.875], "rotation": 180, "texture": "#0"},
				"down": {"uv": [3.625, 2.625, 13.625, 13.875], "texture": "#0"}
			}
		},
		{
			"from": [-2.0769, 8.2019, -3.15013],
			"to": [17.9231, 8.2019, 19.34987],
			"rotation": {"angle": 45, "axis": "x", "origin": [7.9231, 8.125, 8]},
			"faces": {
				"up": {"uv": [2.375, 2.625, 12.375, 13.875], "rotation": 180, "texture": "#0"},
				"down": {"uv": [2.375, 2.625, 12.375, 13.875], "texture": "#0"}
			}
		},
		{
			"from": [-6.5, 7.5, -2],
			"to": [16, 7.5, 18],
			"rotation": {"angle": 45, "axis": "z", "origin": [5.5, 11.5, 0]},
			"faces": {
				"up": {"uv": [3.625, 2.625, 13.625, 13.875], "rotation": 90, "texture": "#0"},
				"down": {"uv": [3.625, 2.625, 13.625, 13.875], "rotation": 90, "texture": "#0"}
			}
		},
		{
			"from": [-6.25, 8.75, -2],
			"to": [16.25, 8.75, 18],
			"rotation": {"angle": -45, "axis": "z", "origin": [5.75, 4.75, 0]},
			"faces": {
				"up": {"uv": [2.375, 2.625, 12.375, 13.875], "rotation": 90, "texture": "#0"},
				"down": {"uv": [2.375, 2.625, 12.375, 13.875], "rotation": 90, "texture": "#0"}
			}
		}
	],
	"display": {
		"thirdperson_righthand": {
			"rotation": [75, 45, 0],
			"translation": [0, 2.5, 0],
			"scale": [0.375, 0.375, 0.375]
		},
		"thirdperson_lefthand": {
			"rotation": [75, 45, 0],
			"translation": [0, 2.5, 0],
			"scale": [0.375, 0.375, 0.375]
		},
		"firstperson_righthand": {
			"rotation": [0, 45, 0],
			"scale": [0.4, 0.4, 0.4]
		},
		"firstperson_lefthand": {
			"rotation": [0, 225, 0],
			"scale": [0.4, 0.4, 0.4]
		},
		"ground": {
			"translation": [0, 3, 0],
			"scale": [0.25, 0.25, 0.25]
		},
		"gui": {
			"rotation": [30, -15, 0],
			"translation": [-0.25, -0.5, 0],
			"scale": [0.42, 0.42, 0.42]
		},
		"fixed": {
			"scale": [0.5, 0.5, 0.5]
		}
	},
	"groups": [
		0,
		1,
		{
			"name": "group",
			"origin": [8, 8, 8],
			"color": 0,
			"children": [2, 3, 4, 5]
		}
	]
}